urls	urls_status	file
search_new.html	failed	/home/bloomberg.Rmd
search_new.html	failed	/home/index.Rmd
bloomberg.html	failed	/home/index.Rmd
bioocs.html	failed	/home/index.Rmd
%s	failed	/home/index.Rmd
blog.html	failed	/home/index.Rmd
../blog.html	failed	/home/post/2019-02-14-case-studies-now-have-doi.Rmd
%s	failed	/home/post/2019-02-14-case-studies-now-have-doi.Rmd
../blog.html	failed	/home/post/2019-12-19-welcome-carrie-wright.Rmd
%s	failed	/home/post/2019-12-19-welcome-carrie-wright.Rmd
../blog.html	failed	/home/post/2020-07-15-OCS-team-awarded-DELTA-award.Rmd
%s	failed	/home/post/2020-07-15-OCS-team-awarded-DELTA-award.Rmd
../blog.html	failed	/home/post/2020-09-23-recruiting-student.Rmd
%s	failed	/home/post/2020-09-23-recruiting-student.Rmd
../blog.html	failed	/home/post/2020-10-08-OCS-work-featured-in-JHU-hub.Rmd
%s	failed	/home/post/2020-10-08-OCS-work-featured-in-JHU-hub.Rmd
../blog.html	failed	/home/post/2020-11-16-welcome-Qier-Meng-and-Michael-Breshock.Rmd
%s	failed	/home/post/2020-11-16-welcome-Qier-Meng-and-Michael-Breshock.Rmd
../blog.html	failed	/home/post/2020-12-04-Bloomberg-American-Health-Summit-2020.Rmd
%s	failed	/home/post/2020-12-04-Bloomberg-American-Health-Summit-2020.Rmd
../blog.html	failed	/home/post/2024-9-25-OCS-paper.Rmd
%s	failed	/home/post/2024-9-25-OCS-paper.Rmd
../blog.html	failed	/home/post/2025-2-2-OCS-welcome-kate.Rmd
%s	failed	/home/post/2025-2-2-OCS-welcome-kate.Rmd
../../team.html	failed	/home/team/adillman/index.Rmd
../../team.html	failed	/home/team/ahoffman/index.Rmd
../../team.html	failed	/home/team/apeters/index.Rmd
mailto:cwrigh60@jh.edu	failed	/home/team/cwright/index.Rmd
../../team.html	failed	/home/team/othomas/index.Rmd
../../team.html	failed	/home/team/psaravanan/index.Rmd
../../team.html	failed	/home/team/ssalerno/index.Rmd
../../team.html	failed	/home/team/steichman/index.Rmd
